{"cameraMode":{"drawMode":0,"name":"Shaded","section":"Shading Mode"},"sceneLighting":false,"audioPlay":false,"sceneViewState":{"showFog":true,"showMaterialUpdate":false,"showSkybox":true,"showFlares":true,"showImageEffects":true,"showParticleSystems":true},"in2DMode":false,"pivot":{"x":887.2415771484375,"y":358.8508605957031,"z":5.5062255859375},"rotation":{"x":-0.003308744402602315,"y":-0.0009017529082484543,"z":-0.000021894633391639218,"w":-1.0000450611114503},"size":460.6409606933594,"orthographic":false}